Table,Table description,Field name,Field type,Linked to,Select options,Description,Technical notes,New schema home,New schema notes,New?,Included?,New name
Student Roster,Each record corresponds to one student,Student Name,Single line text,,,Includes the student name as entered when they signed up. Usually first and last name but not always,Usually written by a Zapier function that pulls data from Stripe API. We will probably integrate stripe directly with the new platform at a later date,users,,no,yes,
Student Roster,Each record corresponds to one student,idN,Formula,,,"Student ID number, which is a unique identifier that corresponds to each student. These are important for a lot of different functions and automations",This just outputs the contents of the 'ðŸ”¢ Serial ID Multiplier' field which is also a formula field that outputs the contents of the 'Student Serial ID' field multiplied by 7. The reason for multiplying by 7 was to make it so not every single number corresponded to a student in case tutors had errors entering the student ID when uploading a video that could lead to misattribution of the video.,users,,no,yes,
Student Roster,Each record corresponds to one student,ðŸ”¢ Serial ID Multiplier,Formula,,,Redundant student ID field that has the exact same contents as idN,calculated by multiplying 'Student Serial ID' field by 7,users,,no,?,
Student Roster,Each record corresponds to one student,Student Serial ID,Autonumber,,,Autonumber field that is unique for each student. We don't use this as the actual student ID currently but we can start to do so if you recommend it.,Calculation basis for the 'idN' and 'ðŸ”¢ Serial ID Multiplier' fields which are used as the student ID number,users,,no,yes,
Student Roster,Each record corresponds to one student,First Name (self-report),Single line text,,,Field included for the student to indicate what they would like to be called,,users,,no,yes,
Student Roster,Each record corresponds to one student,Student Email,Email,,,Student primary email address,Syncs with hubspot API to make sure student records in Student Roster are consistent with CRM. This will be increasingly important over time because we want to use this new platform to further enhance our customer tracking.,users,,no,yes,
Student Roster,Each record corresponds to one student,Date Signed Up,Date and time,,,Includes the date and time for when the user first signed up,,users,,no,yes,
Student Roster,Each record corresponds to one student,Special Modifier,Percentage,,,"Field that tells us the multiplier for the tutor's base tutoring payment when they work with the student. This exists because some students sign up for premium tutoring which is a more white glove experience and the tutor is compensated extra for these students. In other cases, particularly difficult students will warrant a higher rate for the tutor. This is usually somewhere between 100% and 150% but can be higher",multiplies by the tutor base pay to calculate the tutor rate for tutoring meetings,students,,no,yes,
Student Roster,Each record corresponds to one student,Student Status - Exam,Single Select,,"MCAT, GRE, DAT, OAT, USMLE, ACT, SAT, IB, AP, LSAT, NBME",Indicates which exam the student is preparing for,The vast majority of these are MCAT but can be a useful datapoint if the student is not preparing for the MCAT and needs to see a different set of things upon logging in.,students,,no,yes,
Student Roster,Each record corresponds to one student,Student Status - Admissions,Single Select,,"College / University, Medical School, Dental School, Law School, Medical Residency, PA School, PT School, Nursing School, Optometry School, Graduate School",Indicates which higher level of education the student is seeking to apply to. We don't currently do much on the admissions front but we will eventually and this will be good to know.,Need to include a none option for both this and 'Student Status - Exam' because there will be some students who are explicitly not doing one thing or the other with us.,students,,no,yes,
Student Roster,Each record corresponds to one student,Payer Name,Single line text,,,Name of the payer or parent who signed the student up for a consultation or service,"Our payment links include a spot for Student Name and Student Email Address that is separate from the fields for name and email address of the payer. Often the parent will sign their kid up and put their own name and email here. We include this field to track that information. This field also links to hubspot via the hubspot API and, if the two are different, will ensure there are separate contacts made for the student and the payer to track each individually.",payer_parent,,no,yes,
Student Roster,Each record corresponds to one student,Payer Email,Email,,,Email address of the payer or parent who signed the student up for a consultation or service,,payer_parent,,no,yes,
Student Roster,Each record corresponds to one student,Number of installments,Number,,,Number of installments included in the person's payment plan,"Written at time of sign up so could actually be used to reconstruct past sales events when we pull the data from airtable. I think it's worth try to do this using the following fields: Number of installments, Installment intervals, Installment frequency, Installment amount, Date Signed Up, Student Email, Payer Email, Salesperson......",sales,,no,yes,
Student Roster,Each record corresponds to one student,Installment intervals,Single line text,,,"Says 'month' if the person signed up for monthly installments, says '1' if they did a one-time payment, says 'week' if they signed up for weekly installments, etc.",,sales,,no,yes,
Student Roster,Each record corresponds to one student,Installment frequency,Number,,,"Frequency pulled from Stripe API. Includes 1 if it is every month. 2 if it is every other month, etc.",,sales,,no,yes,
Student Roster,Each record corresponds to one student,Installment amount,"Number (currency, USD)",,,Says the amount of each installment,,sales,,no,yes,
Student Roster,Each record corresponds to one student,Marketing Contacts,Linked (many),Marketing Contacts,,"Marketing Contacts (described below) is a table in which each record corresponds to one student OR one parent. That means one Student Roster record could correspond to one or two Marketing Contacts records. While the fields above in student roster come at the time of purchase, the Marketing Contacts field tracks whether the payments are actually received by crawling through Stripe and compiling user-specific data every few days.",,users,This may not need to be included anywhere because much of the data is redundant but perhaps should be included on a per user basis to compare whether they actually pay,no,yes?,
Student Roster,Each record corresponds to one student,Premium tutor,Single select,,"Yes, No","If yes, then indicates the student signed up for premium tutoring which comes at a higher (often negotiated) hourly rate. This will impact the 'Special Modifier' field",,students,likely needs to be a number field that indicates the number of premium tutoring hours the student has signed up for. We currently just have one tutoring hours field but we might need two to avoid future confusion.,no,yes,
Student Roster,Each record corresponds to one student,Onboarding Survey Printout,URL,,,URL for a google doc that includes the results of the student's onboarding survey they take at the time when they sign up. This helps tutors see what the student needs early on,,students,We'll probably replace this technique but for now the results of the survey can be excellent data for the student AI to get started.,no,yes,
Student Roster,Each record corresponds to one student,Test Date (linked),Linked (one),Test Dates,,Indicates the day the student will take the MCAT,,students,This is very important for us to know the student's test date to help them choose a course and work through their study plan to hit their goals. Because each student only has one test date but each test date can have multiple students we'll need to link the uuid for the Test Dates table here,no,yes,
Student Roster,Each record corresponds to one student,CC (linked to Courses1),Linked (one),Courses1,,This indicates which Comprehensive Course cohort the student is following,,students,Will likely need to include the uuid from the Courses1 table in the new schema,no,yes,
Student Roster,Each record corresponds to one student,Course,Multiple select,,"1SM, Comprehensive 1, Comprehensive 2, Comprehensive 3, Tutoring only","This is a very outdated set of data but we still use it very heavily. The status the student has in this field tells us whether they have access to our course or not. While other statuses are available, I've listed the ones that matter in the 'Select options' column. ","If the student has Comprehensive 1, Comprehensive 2, or Comprehensive 3, in this field and DO NOT HAVE 'Bootcamp' in the 'Bootcamp Status' field, then they have access to the Comprehensive Course. 

If they do have 'Bootcamp' in the 'Bootcamp Status' field then they do not have access to the Comprehensive Course.

If they have Tutoring only then they do not have Comprehensive Course access or Bootcamp access. 

In the new schema, we need to create separate boolean fields for each of these: 'Comprehensive Course', 'Bootcamp', and 'Tutoring'",students,"In the new schema, this should become a Boolean field for the Comprehensive Course. The bootcamp is discussed in more detail below.",no,?,
Student Roster,Each record corresponds to one student,Admissions Portfolio,URL,,,Google drive link that goes to a folder where the student's essays are kept for their admissions work,,students,,no,yes,
Student Roster,Each record corresponds to one student,Emory Status,Single select,,"2025 Emory MCAT Fundamentals, 2025 Emory MCAT Advanced, 2025 Emory GRE, 2025 Emory Admin",Single select field that indicates the level of access students from the emory course had. We'll do this differently in the future but we should still retain this data just in case.,,students,,no,yes,
Student Roster,Each record corresponds to one student,Bootcamp Status,Single select,,"Bootcamp, No",Bootcamp' means the student has access to the Bootcamp in the Boolean variable described previously for the new schema. If this says 'Bootcamp' then it means the student certainly does NOT have comprehensive course access.,,students,"We have a variety of Bootcamps so it would be better to have a field where we indicate which bootcamp the student has access to. That said, indicating that they have signed up for the Bootcamp before isn't a bad idea but just having a boolean like this is not much information. I'm going to make the next field one that actually isn't in airtable but is how we should think about the Bootcamp moving forward",no,no,
Student Roster,Each record corresponds to one student,bootcamp_access,Linked (one),bootcamp_course,,"This is a new field (not currently in airtable) but it will completely fix the issue we have and we're going to need to take data from the current airtable setup to get this to make sense.

The bootcamp_course table will be for the Bootcamp what the Courses1 table is for the Comprehensive Course. Each record will be a separate course that students can sign up for. 

The first two courses in that list will be 'gen1_bootcamp' and 'summer2025_bootcamp'. These will link to all students who have 'Bootcamp' in their 'Bootcamp Status' field as well as 'Gen 1' or 'Summer 2025' in their 'Bootcamp Assigned' field.

The third course in the 'bootcamp_course' table will be 'wbc25' and people who have 'Bootcamp Assigned' as 'Winter 2025' will be assigned to this course cohort. From there, additional bootcamps will be added and this will be the only field that matters when looking to determine whether a student has bootcamp access or not. That way we don't have to include 'Bootcamp Status' or 'Bootcamp Assigned' fields in the new schema.",,students,"This is a new field (not currently in airtable) but it will completely fix the issue we have and we're going to need to take data from the current airtable setup to get this to make sense.

The bootcamp_course table will be for the Bootcamp what the Courses1 table is for the Comprehensive Course. Each record will be a separate course that students can sign up for. 

The first two courses in that list will be 'gen1_bootcamp' and 'summer2025_bootcamp'. These will link to all students who have 'Bootcamp' in their 'Bootcamp Status' field as well as 'Gen 1' or 'Summer 2025' in their 'Bootcamp Assigned' field.

The third course in the 'bootcamp_course' table will be 'winter2025_bootcamp' and people who have 'Bootcamp Assigned' as 'Winter 2025' will be assigned to this course cohort. From there, additional bootcamps will be added and this will be the only field that matters when looking to determine whether a student has bootcamp access or not. That way we don't have to include 'Bootcamp Status' or 'Bootcamp Assigned' fields in the new schema.",yes,yes,
Student Roster,Each record corresponds to one student,Delinquent Status,Single select,,"Clear, Graduated, Delinquent, Closed",This field automatically changes to 'Delinquent' when a payment fails for a student on a payment plan. It is then updated to turn back to 'Clear' when the payment succeeds later. if a student quits the program and gets a refund it changes to 'Closed'. And if a student finishes the program then it changes to 'Graduated'. Only 'Clear' or empty status in this field allows a student to see the student portal,,students,Might want to add a separate field for Graduated but I'm honestly not sure about that,no,yes,
Student Roster,Each record corresponds to one student,Tutoring Hours (total),Number,,,Includes the number of tutoring hours the student signed up for. Has the number increased when they buy more,,students,in the new system this should be the sum of tutoring hours included in all sales events attributed to that student,no,yes,
Student Roster,Each record corresponds to one student,UWorld?,Single select,,"Yes, No, Sent","Yes indicates that the student has signed up for a plan with us which entitles them to receive a UWorld subscription
No indicates that they signed up for a plan but opted out of UWorld
Sent indicates that we already sent their UWorld subscription",,students,,no,yes,
Student Roster,Each record corresponds to one student,AAMC?,Single select,,"Yes, No, Sent","Yes indicates that the student has signed up for a plan with us which entitles them to receive a AAMC subscription
No indicates that they signed up for a plan but opted out of AAMC
Sent indicates that we already sent their AAMC subscription",,students,,no,yes,
Student Roster,Each record corresponds to one student,TUTORS,Linked (many),TUTORS,,Links to the student's primary tutor or admissions advisor. ,,students,"By default, students have one advisor but this is one to many because many students end up picking up multiple mentors over time. We will need to create a junction table for this",no,yes,
Student Roster,Each record corresponds to one student,HOURS USED,Rollup,Omnivents,,indicates the total number of tutoring hours the student has used,Rollup field that sums the total minutes of the 'Billable minutes' formula field from the Omnivents table,students,I'm not sure how we'll handle rollup fields in the new schema,no,yes,
Student Roster,Each record corresponds to one student,Omnivents,Linked (many),Omnivents,,Each linked record is an event for which that student was billed for 1-on-1 interactions,,students,,no,yes,
Student Roster,Each record corresponds to one student,Lecture Attendance,Linked (many),Lecture Attendance,,Each linked record indicates the student marked a specific lecture as attended,,student_lecture_junction,We'll use this as a self-reported indicator of whether a student attended a given lecture,no,yes,
,,,,,,,,,,,,
,,,,,,,,,,,,
,,,,,,,,,,,,
,,,,,,,,,,,,
Marketing Contacts,Each record corresponds to one student OR one parent. The purpose of this table is for a script to regularly comb through to determine whether payments are being made or have been settled to sync that data back to hubspot so we could ultimately feed it to the ad platforms.,Email,Email,,,Email address of student or parent,This syncs with the hubspot marketing contact for each user,users,Doesn't actually need to be included because it will be replaced with the user email address,no,yes,
Marketing Contacts,Each record corresponds to one student OR one parent. The purpose of this table is for a script to regularly comb through to determine whether payments are being made or have been settled to sync that data back to hubspot so we could ultimately feed it to the ad platforms.,Total Amount,"Number (currency, USD)",,,"Says the total dollar amount of services purchased by that individual so far. If it is payer, it will say the total amount they've spent on all students. If student, it says the total amount associated with their account. This will be a number that has actually been paid.",Number is pulled from Stripe weekly by using the Stripe API to comb through all transactions,users,,no,yes,
Marketing Contacts,Each record corresponds to one student OR one parent. The purpose of this table is for a script to regularly comb through to determine whether payments are being made or have been settled to sync that data back to hubspot so we could ultimately feed it to the ad platforms.,Last Updated,Date and time field,,,Says the last time the script ran to update the record in question,,users,,no,yes,
Marketing Contacts,Each record corresponds to one student OR one parent. The purpose of this table is for a script to regularly comb through to determine whether payments are being made or have been settled to sync that data back to hubspot so we could ultimately feed it to the ad platforms.,Currently Active?,Single select,,"Active, Finished, Delinquent",Updates accordingly,,users,,no,yes,
Marketing Contacts,Each record corresponds to one student OR one parent. The purpose of this table is for a script to regularly comb through to determine whether payments are being made or have been settled to sync that data back to hubspot so we could ultimately feed it to the ad platforms.,Student Records,Linked (many),Student Roster,,Typically just linked to one Student Roster record but a parent payer could be linked to multiple,,users,,no,yes,
Marketing Contacts,Each record corresponds to one student OR one parent. The purpose of this table is for a script to regularly comb through to determine whether payments are being made or have been settled to sync that data back to hubspot so we could ultimately feed it to the ad platforms.,Contact Type,Single select,,"Student, Payer",,,users,,,,
Marketing Contacts,Each record corresponds to one student OR one parent. The purpose of this table is for a script to regularly comb through to determine whether payments are being made or have been settled to sync that data back to hubspot so we could ultimately feed it to the ad platforms.,Total Installments,Number,,,Reports the number of installments that have been received,,users,,no,yes,
Marketing Contacts,Each record corresponds to one student OR one parent. The purpose of this table is for a script to regularly comb through to determine whether payments are being made or have been settled to sync that data back to hubspot so we could ultimately feed it to the ad platforms.,Stripe Customer ID,Single line text,,,Says the stripe customer id,,external_identifiers,,no,yes,
Marketing Contacts,Each record corresponds to one student OR one parent. The purpose of this table is for a script to regularly comb through to determine whether payments are being made or have been settled to sync that data back to hubspot so we could ultimately feed it to the ad platforms.,Most Recent Payment Date,Date and time field,,,Says the date the most recent transaction occured,,users,,no,yes,
Marketing Contacts,Each record corresponds to one student OR one parent. The purpose of this table is for a script to regularly comb through to determine whether payments are being made or have been settled to sync that data back to hubspot so we could ultimately feed it to the ad platforms.,Most Recent Payment Status,Singe line text,,,"Says whether the most recent payment succeeded, was paid (invoices), or failed",,users,,no,yes,
,,,,,,,,,,,,
,,,,,,,,,,,,
,,,,,,,,,,,,
TUTORS,Each record corresponds to one tutor,Email Address,Email,,,Tutor email,,users,,no,yes,
TUTORS,Each record corresponds to one tutor,Full Name,Formula,,,Pulls together the First Name and Last Name field which are both long text fields to make a full name,,users,,no,yes,
TUTORS,Each record corresponds to one tutor,Zoom Link (Tutor Personal Zoom Room),URL,,,Link to the tutor's personal Zoom meeting room which gets automatically added to the meeting record when the tutor signs up to teach a course meeting,,tutors,,no,yes,
TUTORS,Each record corresponds to one tutor,Calendly,URL,,,URL to the tutors calendly,,tutors,,no,yes,
TUTORS,Each record corresponds to one tutor,Exams they teach,Multiple select,,"MCAT, DAT, GRE, LSAT, SAT, USMLE",Indicates which exams that tutor can teach,,tutors,,no,yes,
TUTORS,Each record corresponds to one tutor,Stripe Link,URL,,,Link to the tutor's payment page in our stripe portal. This is for my own ease of access when paying them,,tutors,,no,yes,
TUTORS,Each record corresponds to one tutor,Slack,Linked (many),Slack,,The Slack table just includes the tutor's Slack user ID paired with their name and email. This honestly doesn't need to be its own table,,tutors,,no,yes,
TUTORS,Each record corresponds to one tutor,User Id (from Slack),Lookup field,Slack,,This is the lookup that actually contains the string content of the tutor's slack user ID. We just want these contents in some sort of text field,,tutors,,no,yes,
TUTORS,Each record corresponds to one tutor,CC-1,Linked (many),CC-1,,Links to records in the CC-1 table that represent lecture sessions for which the tutor was the instructor,,tutors,,no,yes,
TUTORS,Each record corresponds to one tutor,Student Roster,Linked (many),Student Roster,,Links to student records for the students that 'belong' to this tutor. This is a list of all the tutor's students,,tutors,,no,yes,
TUTORS,Each record corresponds to one tutor,Strengths,Long text,,,Notes on what this tutor is good at,,tutors,,no,yes,
TUTORS,Each record corresponds to one tutor,Weaknesses,Long text,,,Notes on what this tutor is bad at,,tutors,,no,yes,
TUTORS,Each record corresponds to one tutor,Other notes,Long text,,,Miscellaneous notes for people assigning tutors to students,,tutors,,no,yes,
TUTORS,Each record corresponds to one tutor,Personality description,Long text,,,Notes on the tutor's personality. This is for anyone who is assigning tutors to students,,tutors,,no,yes,
TUTORS,Each record corresponds to one tutor,Additional hours per week,Number,,,Number that indicates how many more hours per week the tutor would like to work in general,,tutors,,no,yes,
TUTORS,Each record corresponds to one tutor,(Admissions) Additional hours per week,Number,,,Number that indicates how many more hours per week the tutor would like to work on admissions services,,tutors,,no,yes,
TUTORS,Each record corresponds to one tutor,(Live Tutoring) Additional hours per week,Number,,,Number that indicates how many more hours per week the tutor would like to teach,,tutors,,no,yes,
TUTORS,Each record corresponds to one tutor,Last availability update,Last modified time field,,,Indicates the last time the tutor updated these availability metrics,,tutors,,no,yes,
TUTORS,Each record corresponds to one tutor,Context for availability,Long text,,,Gives more information on the tutor's availability,,tutors,,no,yes,
TUTORS,Each record corresponds to one tutor,availability reminder email sent,Date field,,,Indicates the last date that the automated tutor availability email was sent out,,tutors,,no,yes,
TUTORS,Each record corresponds to one tutor,Omnivents,Linked (many),Omnivents,,"Omnivents linked records correspond to anything for which the tutor can be paid. These include tutoring meetings, admissions work with students, asychronous activities like content creation, course teaching meetings, course prep time, etc.",,tutors,,no,yes,
TUTORS,Each record corresponds to one tutor,MCAT Tutoring Rate,Currency,,,Number in USD that says the tutor's hourly rate for MCAT Tutoring,,tutors,,no,yes,
TUTORS,Each record corresponds to one tutor,USMLE Tutoring Rate,Currency,,,Number in USD that says the tutor's hourly rate for teaching USMLE,,tutors,,no,yes,
TUTORS,Each record corresponds to one tutor,Medical School Admissions Rate,Currency,,,Number in USD that says the tutor's hourly rate for medical school admissions advising services,,tutors,,no,yes,
TUTORS,Each record corresponds to one tutor,GRE Tutoring Rate,Currency,,,Number in USD that says the tutor's hourly rate for GRE tutoring,,tutors,,no,yes,
TUTORS,Each record corresponds to one tutor,GRE Course Rate,Currency,,,Number in USD that says the tutor's hourly rate for teaching GRE courses,,tutors,,no,yes,
TUTORS,Each record corresponds to one tutor,MCAT Course Rate,Currency,,,Number in USD that says the tutor's hourly rate for teaching MCAT courses,,tutors,,no,yes,
TUTORS,Each record corresponds to one tutor,Asynchronous Rate,Currency,,,"hourly rate for Asynch work like course prep, excessive out of class time with students, etc.",,tutors,,no,yes,
TUTORS,Each record corresponds to one tutor,USMLE Prep Rate,Currency,,,hourly rate for preparing for USMLE tutoring meetings,,tutors,,no,yes,
TUTORS,Each record corresponds to one tutor,ACT/SAT Tutoring Rate,Currency,,,Number in USD that says the tutor's hourly rate for teaching ACT/SAT,,tutors,,no,yes,
TUTORS,Each record corresponds to one tutor,College Admissions Rate,Currency,,,Number in USD that says the tutor's hourly rate for college admissions advising services,,tutors,,no,yes,
TUTORS,Each record corresponds to one tutor,Dental Admissions Rate,Currency,,,Number in USD that says the tutor's hourly rate for dental school admissions advising services,,tutors,,no,yes,
TUTORS,Each record corresponds to one tutor,Residency Admissions Rate,Currency,,,Number in USD that says the tutor's hourly rate for medical residency admissions advising services,,tutors,,no,yes,
TUTORS,Each record corresponds to one tutor,IB Tutoring Rate,Currency,,,Number in USD that says the tutor's hourly rate for IB or AP exam tutoring,,tutors,,no,yes,
,,,,,,,,,,,,
,,,,,,,,,,,,
,,,,,,,,,,,,
,,,,,,,,,,,,
,,,,,,,,,,,,
,,,,,,,,,,,,
,,,,,,,,,,,,
Omnivents,"Records in this table correspond to anything for which tutors can be paid and/or students can be billed. These include things like tutoring meetings, admissions advising services, asynchrous student advising or help, course lecture sessions, course prep sessions, special projects for which tutors are paid, etc.",Name,Single line text,,,Name or title of whatever the event was,,Omnivents,,no,yes,
Omnivents,"Records in this table correspond to anything for which tutors can be paid and/or students can be billed. These include things like tutoring meetings, admissions advising services, asynchrous student advising or help, course lecture sessions, course prep sessions, special projects for which tutors are paid, etc.",Student,Linked (one),,,Linked to the student roster table. When a student is linked here it means the record was something provided specifically to that student and that the student's tutoring hours will be deducted for that event,,Omnivents,,no,yes,
Omnivents,"Records in this table correspond to anything for which tutors can be paid and/or students can be billed. These include things like tutoring meetings, admissions advising services, asynchrous student advising or help, course lecture sessions, course prep sessions, special projects for which tutors are paid, etc.",YouTube Link,URL,,,Link to the edited YouTube video of that event. This can be blank when the event was asynchronous or corresponded to a video that wasn't edited completely,,Omnivents,,no,yes,
Omnivents,"Records in this table correspond to anything for which tutors can be paid and/or students can be billed. These include things like tutoring meetings, admissions advising services, asynchrous student advising or help, course lecture sessions, course prep sessions, special projects for which tutors are paid, etc.",TUTORS link,Linked (one),TUTORS,,Indicates that the tutor linked is the one to be paid for that event,,Omnivents,,no,yes,
Omnivents,"Records in this table correspond to anything for which tutors can be paid and/or students can be billed. These include things like tutoring meetings, admissions advising services, asynchrous student advising or help, course lecture sessions, course prep sessions, special projects for which tutors are paid, etc.",drive_ID,Single line text,,,Includes the google drive ID for the video that was uploaded to the google drive to trigger the creation of the record. Can be empty if the record was asynchronous,,Omnivents,,no,yes,
Omnivents,"Records in this table correspond to anything for which tutors can be paid and/or students can be billed. These include things like tutoring meetings, admissions advising services, asynchrous student advising or help, course lecture sessions, course prep sessions, special projects for which tutors are paid, etc.",Original Record Title,Single line text,,,String that corresponds to what the title of the original file was when it was uploaded,,Omnivents,,no,yes,
Omnivents,"Records in this table correspond to anything for which tutors can be paid and/or students can be billed. These include things like tutoring meetings, admissions advising services, asynchrous student advising or help, course lecture sessions, course prep sessions, special projects for which tutors are paid, etc.",Watch folder copy,Single line text,,,Google drive ID for the copy of the file that was moved to the watch folder for editing,,Omnivents,,no,yes,
Omnivents,"Records in this table correspond to anything for which tutors can be paid and/or students can be billed. These include things like tutoring meetings, admissions advising services, asynchrous student advising or help, course lecture sessions, course prep sessions, special projects for which tutors are paid, etc.",Status - Course,Single Select,,"COMPLETED, COMPLETED - No Edit, Edited file linked, Watch Folder, Ready for editing, Not Approved","Field indicates where the video is in the process of being uploaded, processed, edited, and accepted. This field is empty if the video was not for a course meeting",,Omnivents,,no,yes,
Omnivents,"Records in this table correspond to anything for which tutors can be paid and/or students can be billed. These include things like tutoring meetings, admissions advising services, asynchrous student advising or help, course lecture sessions, course prep sessions, special projects for which tutors are paid, etc.",Status - Tutoring + Admissions,Single Select,,"COMPLETED, Edited file linked, Watch Folder, Ready for editing, Not Approved","Field indicates where the video is in the process of being uploaded, processed, edited, and accepted. This field is empty if the video was not for a tutoring or admissions meeting. ",Note that the omission of 'COMPLETED - No Edit'  as an option was intentional here. Only course videos have the option to not be edited,Omnivents,,no,yes,
Omnivents,"Records in this table correspond to anything for which tutors can be paid and/or students can be billed. These include things like tutoring meetings, admissions advising services, asynchrous student advising or help, course lecture sessions, course prep sessions, special projects for which tutors are paid, etc.",Raw file URL,URL,,,includes the URL of the raw uploaded file,,Omnivents,,no,yes,
Omnivents,"Records in this table correspond to anything for which tutors can be paid and/or students can be billed. These include things like tutoring meetings, admissions advising services, asynchrous student advising or help, course lecture sessions, course prep sessions, special projects for which tutors are paid, etc.",Archives URL,URL,,,includes the URL of the archived file after editing,,Omnivents,,no,yes,
Omnivents,"Records in this table correspond to anything for which tutors can be paid and/or students can be billed. These include things like tutoring meetings, admissions advising services, asynchrous student advising or help, course lecture sessions, course prep sessions, special projects for which tutors are paid, etc.",Edited File URL,URL,,,includes the URL of the file that has already been edited,,Omnivents,,no,yes,
Omnivents,"Records in this table correspond to anything for which tutors can be paid and/or students can be billed. These include things like tutoring meetings, admissions advising services, asynchrous student advising or help, course lecture sessions, course prep sessions, special projects for which tutors are paid, etc.",Metadata Date and Time,Date with time included,,,Indicates the date and time the video happened as updated per the metadata from the video file to ensure everything is accurate,,Omnivents,,no,yes,
Omnivents,"Records in this table correspond to anything for which tutors can be paid and/or students can be billed. These include things like tutoring meetings, admissions advising services, asynchrous student advising or help, course lecture sessions, course prep sessions, special projects for which tutors are paid, etc.",CC-1,Linked (one),CC-1,,Links course videos to their corresponding course records,,Omnivents,,no,yes,
Omnivents,"Records in this table correspond to anything for which tutors can be paid and/or students can be billed. These include things like tutoring meetings, admissions advising services, asynchrous student advising or help, course lecture sessions, course prep sessions, special projects for which tutors are paid, etc.",Record Created,Created time field,,,Indicates when the Omnivents record was created,,Omnivents,,no,yes,
Omnivents,"Records in this table correspond to anything for which tutors can be paid and/or students can be billed. These include things like tutoring meetings, admissions advising services, asynchrous student advising or help, course lecture sessions, course prep sessions, special projects for which tutors are paid, etc.",total_minutes before metadata extraction,Number,,,Indicates how many minutes the tutor reported the meeting to be,,Omnivents,,no,yes,
Omnivents,"Records in this table correspond to anything for which tutors can be paid and/or students can be billed. These include things like tutoring meetings, admissions advising services, asynchrous student advising or help, course lecture sessions, course prep sessions, special projects for which tutors are paid, etc.",reported meeting date,Date field,,,Indicates the date the tutor reported the meeting to be,,Omnivents,,no,yes,
Omnivents,"Records in this table correspond to anything for which tutors can be paid and/or students can be billed. These include things like tutoring meetings, admissions advising services, asynchrous student advising or help, course lecture sessions, course prep sessions, special projects for which tutors are paid, etc.",Course Prepped,Linked (one),CC-1,,Only populates for Omnivents records correspoinding to course prep. Links the Omnivents report to the CC-1 record for the course meeting that was being prepped,,Omnivents,,no,yes,
Omnivents,"Records in this table correspond to anything for which tutors can be paid and/or students can be billed. These include things like tutoring meetings, admissions advising services, asynchrous student advising or help, course lecture sessions, course prep sessions, special projects for which tutors are paid, etc.",Explanation of Asynchronous Work,Long text,,,Explanation of what the tutor did when they report asynchronouos work. This is mostly for record keeping and clerical purposes,,Omnivents,,no,yes,
Omnivents,"Records in this table correspond to anything for which tutors can be paid and/or students can be billed. These include things like tutoring meetings, admissions advising services, asynchrous student advising or help, course lecture sessions, course prep sessions, special projects for which tutors are paid, etc.",percent_billable,Number,,,Says a number between 0 and 100 for the percentage of the meeting that was billed. Tutors report this for tutoring meetings only. This is because we don't want to bill students for time spent inefficiently. The total of the student's tutoring hours deducted is calculated by multiplying this field by the 'total_minutes' field to calculate their billable_minutes. This billable_minutes reference also tells us how many minutes the tutor should be paid for that service,,Omnivents,,no,yes,
Omnivents,"Records in this table correspond to anything for which tutors can be paid and/or students can be billed. These include things like tutoring meetings, admissions advising services, asynchrous student advising or help, course lecture sessions, course prep sessions, special projects for which tutors are paid, etc.",total_minutes,Number,,,Total minutes the tutor billed for the service,,Omnivents,,no,yes,
Omnivents,"Records in this table correspond to anything for which tutors can be paid and/or students can be billed. These include things like tutoring meetings, admissions advising services, asynchrous student advising or help, course lecture sessions, course prep sessions, special projects for which tutors are paid, etc.",Approved?,Checkbox field,,,"When checked, indicates the service was approved for the tutor to be paid",,Omnivents,,no,yes,
Omnivents,"Records in this table correspond to anything for which tutors can be paid and/or students can be billed. These include things like tutoring meetings, admissions advising services, asynchrous student advising or help, course lecture sessions, course prep sessions, special projects for which tutors are paid, etc.",TUTOR PAYMENT - Pending,Currency field,,,Indicates the total amount the tutor should be paid for a service that has been reported by not yet finalized or approved,,Omnivents,,no,yes,
Omnivents,"Records in this table correspond to anything for which tutors can be paid and/or students can be billed. These include things like tutoring meetings, admissions advising services, asynchrous student advising or help, course lecture sessions, course prep sessions, special projects for which tutors are paid, etc.",TUTOR PAYMENT - Final,Currency field,,,Indicates the total amount the tutor should be paid for a service that has been finalized and approved,,Omnivents,,no,yes,
Omnivents,"Records in this table correspond to anything for which tutors can be paid and/or students can be billed. These include things like tutoring meetings, admissions advising services, asynchrous student advising or help, course lecture sessions, course prep sessions, special projects for which tutors are paid, etc.",Item Type,Single Select,,"Tutoring, Course, Admissions, Course Prep, Other, USMLE Prep, Special Project, Video - undefined, PAYMENT, Tutoring - old system",Indicates the type of service rendered,,Omnivents,,no,yes,
Omnivents,"Records in this table correspond to anything for which tutors can be paid and/or students can be billed. These include things like tutoring meetings, admissions advising services, asynchrous student advising or help, course lecture sessions, course prep sessions, special projects for which tutors are paid, etc.",PAYMENT ACTION - date/time,Date with time included,,,"Once an event has been paid, indicates the data and time when that payment was processed",,Omnivents,,no,yes,
Omnivents,"Records in this table correspond to anything for which tutors can be paid and/or students can be billed. These include things like tutoring meetings, admissions advising services, asynchrous student advising or help, course lecture sessions, course prep sessions, special projects for which tutors are paid, etc.",AMOUNT PAID,Currency field,,,Indicates the final amount the tutor was paid for that event,,Omnivents,,no,yes,
Omnivents,"Records in this table correspond to anything for which tutors can be paid and/or students can be billed. These include things like tutoring meetings, admissions advising services, asynchrous student advising or help, course lecture sessions, course prep sessions, special projects for which tutors are paid, etc.",Mike Payment Money Owed,Currency field,,,Indicates the amount the video editor is owed for the event,,Omnivents,,no,yes,
Omnivents,"Records in this table correspond to anything for which tutors can be paid and/or students can be billed. These include things like tutoring meetings, admissions advising services, asynchrous student advising or help, course lecture sessions, course prep sessions, special projects for which tutors are paid, etc.",Paid?,Single Select,,"Paid, Processing, Rejected, Payment Event","Indicates the status of the record as to whether it was paid or not, or if the record represented the payment itself.",,Omnivents,,no,yes,
,,,,,,,,,,,,
,,,,,,,,,,,,
,,,,,,,,,,,,
,,,,,,,,,,,,
Courses1,Each record corresponds to a Comprehensive Course iteration or cohort. There are many of these cohorts that overlap significantly. The aim is to offer many paths through the material to tailor a cadence and schedule that fits for each student. We also have recently added the option for students to customize their own personal cohorts on top of those that already exist in this table. The cohorts students customize will also live here but will be marked differently,Course Name,Single line text,,,Says the name of the cohort.,If it is a 1SM built cohort then it will start with 'CC' and then have a number that follows. If it is a custom cohort then it will start with 'CCC0' and then have a number that follows,Courses1,,no,yes,
Courses1,Each record corresponds to a Comprehensive Course iteration or cohort. There are many of these cohorts that overlap significantly. The aim is to offer many paths through the material to tailor a cadence and schedule that fits for each student. We also have recently added the option for students to customize their own personal cohorts on top of those that already exist in this table. The cohorts students customize will also live here but will be marked differently,Lectures,Linked (many),CC-1,,Each linked record is a lecture session that belongs to that cohort,,Courses1,,no,yes,
Courses1,Each record corresponds to a Comprehensive Course iteration or cohort. There are many of these cohorts that overlap significantly. The aim is to offer many paths through the material to tailor a cadence and schedule that fits for each student. We also have recently added the option for students to customize their own personal cohorts on top of those that already exist in this table. The cohorts students customize will also live here but will be marked differently,live?,checkbox field,,,"When checked, it indicates that this cohort should be displayed on the site for students to select and browse through. When not checked, it should be invisible on the site",,Courses1,,no,yes,
Courses1,Each record corresponds to a Comprehensive Course iteration or cohort. There are many of these cohorts that overlap significantly. The aim is to offer many paths through the material to tailor a cadence and schedule that fits for each student. We also have recently added the option for students to customize their own personal cohorts on top of those that already exist in this table. The cohorts students customize will also live here but will be marked differently,course_length_days,formula field,,,Says the number of days between the course start and the course end,Calculated by subtracting the 'Start Date' date field from the 'End Date' date field,Courses1,,no,yes,
Courses1,Each record corresponds to a Comprehensive Course iteration or cohort. There are many of these cohorts that overlap significantly. The aim is to offer many paths through the material to tailor a cadence and schedule that fits for each student. We also have recently added the option for students to customize their own personal cohorts on top of those that already exist in this table. The cohorts students customize will also live here but will be marked differently,days_per_week,formula field,,,calculates the number of meetings per week the course will need to have to complete all core curriculum meetings during the window from start to finish,,Courses1,,no,yes,
Courses1,Each record corresponds to a Comprehensive Course iteration or cohort. There are many of these cohorts that overlap significantly. The aim is to offer many paths through the material to tailor a cadence and schedule that fits for each student. We also have recently added the option for students to customize their own personal cohorts on top of those that already exist in this table. The cohorts students customize will also live here but will be marked differently,core_plus_sb_meeting_count,Number,,,total number of cc core + cc sb meetings. This is the core curriculum lecture count for the cohort,,Courses1,,no,yes,
Courses1,Each record corresponds to a Comprehensive Course iteration or cohort. There are many of these cohorts that overlap significantly. The aim is to offer many paths through the material to tailor a cadence and schedule that fits for each student. We also have recently added the option for students to customize their own personal cohorts on top of those that already exist in this table. The cohorts students customize will also live here but will be marked differently,days_predetermined,Linked (many),days_of_week,,days_of_week table has one record for each day of the week. This linked record field indicates which days will be the primary days of the week for the cohort in question to have class,,Courses1,,no,yes,
Courses1,Each record corresponds to a Comprehensive Course iteration or cohort. There are many of these cohorts that overlap significantly. The aim is to offer many paths through the material to tailor a cadence and schedule that fits for each student. We also have recently added the option for students to customize their own personal cohorts on top of those that already exist in this table. The cohorts students customize will also live here but will be marked differently,start_dates_table,Linked (many),Start Dates,,Start Dates table includes all possible cohort start dates. Even though this is a linked (many) field it is not used that way. The settins are just wrong.,,Courses1,,no,yes,
Courses1,Each record corresponds to a Comprehensive Course iteration or cohort. There are many of these cohorts that overlap significantly. The aim is to offer many paths through the material to tailor a cadence and schedule that fits for each student. We also have recently added the option for students to customize their own personal cohorts on top of those that already exist in this table. The cohorts students customize will also live here but will be marked differently,Start Date,Date,,,Date field that indicates the start date for the cohort. This should be the same date as that for the 'start_dates_table' field,,Courses1,,no,yes,
Courses1,Each record corresponds to a Comprehensive Course iteration or cohort. There are many of these cohorts that overlap significantly. The aim is to offer many paths through the material to tailor a cadence and schedule that fits for each student. We also have recently added the option for students to customize their own personal cohorts on top of those that already exist in this table. The cohorts students customize will also live here but will be marked differently,Imported table,Linked (many),Test Dates,,records in the Test Dates table all represent officla AAMC test dates. Cohorts link to the test dates they are targeting here.,,Courses1,,no,yes,
Courses1,Each record corresponds to a Comprehensive Course iteration or cohort. There are many of these cohorts that overlap significantly. The aim is to offer many paths through the material to tailor a cadence and schedule that fits for each student. We also have recently added the option for students to customize their own personal cohorts on top of those that already exist in this table. The cohorts students customize will also live here but will be marked differently,End Date,Date with time field,,,Includes the same date as the test date but has a time with it to. The times are mostly all 12 am here because the linking of the time was a mistake early on but I haven't wanted to mess up the settings,,Courses1,,no,yes,
Courses1,Each record corresponds to a Comprehensive Course iteration or cohort. There are many of these cohorts that overlap significantly. The aim is to offer many paths through the material to tailor a cadence and schedule that fits for each student. We also have recently added the option for students to customize their own personal cohorts on top of those that already exist in this table. The cohorts students customize will also live here but will be marked differently,Student Roster (CC link),Linked (many),Student Roster,,Links to students who have signed up to make the cohort they are linked to their official class cohort. Each student can have only one course cohort at a time but each cohort can have many students,,Courses1,,no,yes,
Courses1,Each record corresponds to a Comprehensive Course iteration or cohort. There are many of these cohorts that overlap significantly. The aim is to offer many paths through the material to tailor a cadence and schedule that fits for each student. We also have recently added the option for students to customize their own personal cohorts on top of those that already exist in this table. The cohorts students customize will also live here but will be marked differently,ccc_number,Number,,,Includes the number for custom cohorts that are created by students,,Courses1,,no,yes,
Courses1,Each record corresponds to a Comprehensive Course iteration or cohort. There are many of these cohorts that overlap significantly. The aim is to offer many paths through the material to tailor a cadence and schedule that fits for each student. We also have recently added the option for students to customize their own personal cohorts on top of those that already exist in this table. The cohorts students customize will also live here but will be marked differently,student_roster_custom_cohort,Linked (many),Student Roster,,"Links to students from student roster who have signed up for a custom cohort (this is kept separate from the main cohorts so students can do both, create their own custom cohorts but also have a primary cohort they're attached to)",,Courses1,,no,yes,
Courses1,Each record corresponds to a Comprehensive Course iteration or cohort. There are many of these cohorts that overlap significantly. The aim is to offer many paths through the material to tailor a cadence and schedule that fits for each student. We also have recently added the option for students to customize their own personal cohorts on top of those that already exist in this table. The cohorts students customize will also live here but will be marked differently,lectures_excluded,Linked (many),Lectures Database,,Links to the Lectures Database for lectures that the creator of the custom cohort intentionally chose to exclude,,Courses1,,no,yes,
Courses1,Each record corresponds to a Comprehensive Course iteration or cohort. There are many of these cohorts that overlap significantly. The aim is to offer many paths through the material to tailor a cadence and schedule that fits for each student. We also have recently added the option for students to customize their own personal cohorts on top of those that already exist in this table. The cohorts students customize will also live here but will be marked differently,lectures_asynchronous,Linked (many),Lectures Database,,"Links to lectures from the Lectures Database for lecture that the creator of the custom cohort didn't choose to exclude but that were not possible to include live within the constraints of their chosen days of the week, start date, and test date.",,Courses1,,no,yes,
Courses1,Each record corresponds to a Comprehensive Course iteration or cohort. There are many of these cohorts that overlap significantly. The aim is to offer many paths through the material to tailor a cadence and schedule that fits for each student. We also have recently added the option for students to customize their own personal cohorts on top of those that already exist in this table. The cohorts students customize will also live here but will be marked differently,creator_description,Long text,,,Description written by the student who created the custom cohort that indicates what is offered by that cohort. We can display this if we want to allow students to build their own cohorts and offer them to others.,,Courses1,,no,yes,
Courses1,Each record corresponds to a Comprehensive Course iteration or cohort. There are many of these cohorts that overlap significantly. The aim is to offer many paths through the material to tailor a cadence and schedule that fits for each student. We also have recently added the option for students to customize their own personal cohorts on top of those that already exist in this table. The cohorts students customize will also live here but will be marked differently,custom_cohort_details,single line text,,,Includes the student ID (idN) from the student who created the custom cohort as well as the date it was created,,Courses1,,no,yes,
Courses1,Each record corresponds to a Comprehensive Course iteration or cohort. There are many of these cohorts that overlap significantly. The aim is to offer many paths through the material to tailor a cadence and schedule that fits for each student. We also have recently added the option for students to customize their own personal cohorts on top of those that already exist in this table. The cohorts students customize will also live here but will be marked differently,no_fetch,checkbox field,,,"if checked, the record will not be pulled when running the Optimizers for building out lecture schedules using CP-SAT",,Courses1,,no,yes,
Courses1,Each record corresponds to a Comprehensive Course iteration or cohort. There are many of these cohorts that overlap significantly. The aim is to offer many paths through the material to tailor a cadence and schedule that fits for each student. We also have recently added the option for students to customize their own personal cohorts on top of those that already exist in this table. The cohorts students customize will also live here but will be marked differently,Course Formal Name,single line text,,,Just says the long name of the course which will either be 'Comprehensive Course #X' or 'Custom Comprehensive Course #X',,Courses1,,no,yes,
,,,,,,,,,,,,
,,,,,,,,,,,,
,,,,,,,,,,,,
,,,,,,,,,,,,
bootcamp_course,THIS DOES NOT EXIST IN AIRTABLE. WE NEED TO HAVE THIS TABLE IN OUR SUPBASE SCHEMA THOUGH. I HAVEN'T FILLED OUT ALL THE FIELDS YET BUT THIS IS A PLACEHOLDER BECAUSE THIS NEEDS TO BE CREATED. Each record is a separate iteration of the MCAT Bootcamp.,Course Name,Single line text,,,Single line text that specifies the course name,,bootcamp_course,,yes,yes,
bootcamp_course,THIS DOES NOT EXIST IN AIRTABLE. WE NEED TO HAVE THIS TABLE IN OUR SUPBASE SCHEMA THOUGH. I HAVEN'T FILLED OUT ALL THE FIELDS YET BUT THIS IS A PLACEHOLDER BECAUSE THIS NEEDS TO BE CREATED. Each record is a separate iteration of the MCAT Bootcamp.,Start Date,Date,,,Start date for the bootcamp,,bootcamp_course,,yes,yes,
bootcamp_course,THIS DOES NOT EXIST IN AIRTABLE. WE NEED TO HAVE THIS TABLE IN OUR SUPBASE SCHEMA THOUGH. I HAVEN'T FILLED OUT ALL THE FIELDS YET BUT THIS IS A PLACEHOLDER BECAUSE THIS NEEDS TO BE CREATED. Each record is a separate iteration of the MCAT Bootcamp.,End Date,Date,,,End date for the bootcamp,,bootcamp_course,,yes,yes,
bootcamp_course,THIS DOES NOT EXIST IN AIRTABLE. WE NEED TO HAVE THIS TABLE IN OUR SUPBASE SCHEMA THOUGH. I HAVEN'T FILLED OUT ALL THE FIELDS YET BUT THIS IS A PLACEHOLDER BECAUSE THIS NEEDS TO BE CREATED. Each record is a separate iteration of the MCAT Bootcamp.,Lectures (CC-1),Linked (many),CC-1,,Links to all lecture sessions in CC-1 table that correspond to this course,,bootcamp_course,,,,
bootcamp_course,THIS DOES NOT EXIST IN AIRTABLE. WE NEED TO HAVE THIS TABLE IN OUR SUPBASE SCHEMA THOUGH. I HAVEN'T FILLED OUT ALL THE FIELDS YET BUT THIS IS A PLACEHOLDER BECAUSE THIS NEEDS TO BE CREATED. Each record is a separate iteration of the MCAT Bootcamp.,Course Formal Name,Single line text,,,Formal name of the course that shows in places on the site,,bootcamp_course,,,,
bootcamp_course,THIS DOES NOT EXIST IN AIRTABLE. WE NEED TO HAVE THIS TABLE IN OUR SUPBASE SCHEMA THOUGH. I HAVEN'T FILLED OUT ALL THE FIELDS YET BUT THIS IS A PLACEHOLDER BECAUSE THIS NEEDS TO BE CREATED. Each record is a separate iteration of the MCAT Bootcamp.,Imported table,Linked (many),Test Dates,,,,bootcamp_course,,,,
bootcamp_course,THIS DOES NOT EXIST IN AIRTABLE. WE NEED TO HAVE THIS TABLE IN OUR SUPBASE SCHEMA THOUGH. I HAVEN'T FILLED OUT ALL THE FIELDS YET BUT THIS IS A PLACEHOLDER BECAUSE THIS NEEDS TO BE CREATED. Each record is a separate iteration of the MCAT Bootcamp.,live?,checkbox field,,,"When checked, it indicates that this cohort should be displayed on the site for students to select and browse through. When not checked, it should be invisible on the site",,bootcamp_course,,no,yes,
bootcamp_course,THIS DOES NOT EXIST IN AIRTABLE. WE NEED TO HAVE THIS TABLE IN OUR SUPBASE SCHEMA THOUGH. I HAVEN'T FILLED OUT ALL THE FIELDS YET BUT THIS IS A PLACEHOLDER BECAUSE THIS NEEDS TO BE CREATED. Each record is a separate iteration of the MCAT Bootcamp.,course_length_days,formula field,,,Says the number of days between the course start and the course end,Calculated by subtracting the 'Start Date' date field from the 'End Date' date field,bootcamp_course,,no,yes,
bootcamp_course,THIS DOES NOT EXIST IN AIRTABLE. WE NEED TO HAVE THIS TABLE IN OUR SUPBASE SCHEMA THOUGH. I HAVEN'T FILLED OUT ALL THE FIELDS YET BUT THIS IS A PLACEHOLDER BECAUSE THIS NEEDS TO BE CREATED. Each record is a separate iteration of the MCAT Bootcamp.,days_predetermined,Linked (many),days_of_week,,days_of_week table has one record for each day of the week. This linked record field indicates which days will be the primary days of the week for the cohort in question to have class,,bootcamp_course,,no,yes,
bootcamp_course,THIS DOES NOT EXIST IN AIRTABLE. WE NEED TO HAVE THIS TABLE IN OUR SUPBASE SCHEMA THOUGH. I HAVEN'T FILLED OUT ALL THE FIELDS YET BUT THIS IS A PLACEHOLDER BECAUSE THIS NEEDS TO BE CREATED. Each record is a separate iteration of the MCAT Bootcamp.,start_dates_table,Linked (many),Start Dates,,Start Dates table includes all possible cohort start dates. Even though this is a linked (many) field it is not used that way. The settins are just wrong.,,bootcamp_course,,no,yes,
bootcamp_course,THIS DOES NOT EXIST IN AIRTABLE. WE NEED TO HAVE THIS TABLE IN OUR SUPBASE SCHEMA THOUGH. I HAVEN'T FILLED OUT ALL THE FIELDS YET BUT THIS IS A PLACEHOLDER BECAUSE THIS NEEDS TO BE CREATED. Each record is a separate iteration of the MCAT Bootcamp.,Start Date,Date,,,Date field that indicates the start date for the cohort. This should be the same date as that for the 'start_dates_table' field,,bootcamp_course,,no,yes,
bootcamp_course,THIS DOES NOT EXIST IN AIRTABLE. WE NEED TO HAVE THIS TABLE IN OUR SUPBASE SCHEMA THOUGH. I HAVEN'T FILLED OUT ALL THE FIELDS YET BUT THIS IS A PLACEHOLDER BECAUSE THIS NEEDS TO BE CREATED. Each record is a separate iteration of the MCAT Bootcamp.,Imported table,Linked (many),Test Dates,,records in the Test Dates table all represent officla AAMC test dates. Cohorts link to the test dates they are targeting here.,,bootcamp_course,,no,yes,
bootcamp_course,THIS DOES NOT EXIST IN AIRTABLE. WE NEED TO HAVE THIS TABLE IN OUR SUPBASE SCHEMA THOUGH. I HAVEN'T FILLED OUT ALL THE FIELDS YET BUT THIS IS A PLACEHOLDER BECAUSE THIS NEEDS TO BE CREATED. Each record is a separate iteration of the MCAT Bootcamp.,End Date,Date with time field,,,Includes the same date as the test date but has a time with it to. The times are mostly all 12 am here because the linking of the time was a mistake early on but I haven't wanted to mess up the settings,,bootcamp_course,,no,yes,
bootcamp_course,THIS DOES NOT EXIST IN AIRTABLE. WE NEED TO HAVE THIS TABLE IN OUR SUPBASE SCHEMA THOUGH. I HAVEN'T FILLED OUT ALL THE FIELDS YET BUT THIS IS A PLACEHOLDER BECAUSE THIS NEEDS TO BE CREATED. Each record is a separate iteration of the MCAT Bootcamp.,student_roster,Linked (many),Student Roster,,Links to students who have signed up to make the cohort they are linked to their official class cohort. Each student can have only one course cohort at a time but each cohort can have many students,,bootcamp_course,,no,yes,
bootcamp_course,THIS DOES NOT EXIST IN AIRTABLE. WE NEED TO HAVE THIS TABLE IN OUR SUPBASE SCHEMA THOUGH. I HAVEN'T FILLED OUT ALL THE FIELDS YET BUT THIS IS A PLACEHOLDER BECAUSE THIS NEEDS TO BE CREATED. Each record is a separate iteration of the MCAT Bootcamp.,Lectures (CC-1),Linked (many),CC-1,,Links to all lecture sessions in CC-1 table that correspond to this course,,bootcamp_course,,no,yes,
,,,,,,,,,,,,
,,,,,,,,,,,,
,,,,,,,,,,,,
,,,,,,,,,,,,
,,,,,,,,,,,,
,,,,,,,,,,,,
,,,,,,,,,,,,
,,,,,,,,,,,,
,,,,,,,,,,,,
,,,,,,,,,,,,
,,,,,,,,,,,,
,,,,,,,,,,,,
,,,,,,,,,,,,
,,,,,,,,,,,,
,,,,,,,,,,,,
,,,,,,,,,,,,
,,,,,,,,,,,,
,,,,,,,,,,,,
,,,,,,,,,,,,
,,,,,,,,,,,,
CC-1,"Each record in this table represents a lecture session, meaning a live meeting for the course",Name,single line text,,,Title of the lecture being taught,,CC-1,,no,yes,
CC-1,"Each record in this table represents a lecture session, meaning a live meeting for the course",LIVE,Checkbox field,,,"When checked, this indicates that the lecture session is live on the site for students to see. When unchecked, this lecture session is invisible",,CC-1,,no,yes,
CC-1,"Each record in this table represents a lecture session, meaning a live meeting for the course",Lecture Database Link,Linked (one),Lectures Database,,"Link to the Lectures Database table which includes all the details for each lecture. CC-1 records are instances of the lectures but the Lectures Database table has the details on assignments, etc.","Yes, the s is supposed to be on the end of the table name and not on the end of the field name. It was a typo!",CC-1,,no,yes,
CC-1,"Each record in this table represents a lecture session, meaning a live meeting for the course",days_of_week,Linked (one),days_of_week,,Links to the 'days_of_week' table which indicates the day of the week the lecture is occuring. This doesn't populate for non-core lectures though,,CC-1,,no,yes,
CC-1,"Each record in this table represents a lecture session, meaning a live meeting for the course",Meeting Video,URL,,,"Includes the URL from the youtube video of the lecture session in question. This gets updated immediately after each lecture with the link from a different instance of the lecture. Then, if the 'Need to edit?' field is checked, it will wait for the corresponding Omnivents record to get a YouTube Link and then will populate here to update the video URL.",,CC-1,,no,yes,
CC-1,"Each record in this table represents a lecture session, meaning a live meeting for the course",Need to edit?,Checkbox field,,,"When checked, indicates that the lecture video should be edited. Usually do this for lectures where we want a better video or if we know the instructor teaching is going to crush it or if we have changed some things abuout the way we teach that particular meeting",,CC-1,,no,yes,
CC-1,"Each record in this table represents a lecture session, meaning a live meeting for the course",Instructor (linked),Linked (one),TUTORS,,links to the record corresponding to the tutor teaching that class session,,CC-1,,no,yes,
CC-1,"Each record in this table represents a lecture session, meaning a live meeting for the course",Date,Date field,,,says the date the lecture is occuring,,CC-1,,no,yes,
CC-1,"Each record in this table represents a lecture session, meaning a live meeting for the course",Assignments & Review,Long text,,,Lots of text that includes all the assignments before and after class as well as a description of what is happening in this lecture. This is populated from the Lectures Database field but needs to have its own field as well because sometimes we'll update from the template for a given cohort. Soon this will be split into multiple fields so we can add more nuance to the assignments and make them easier to edit for people and split them up into the various different slots in the students' custom calendars,,CC-1,,no,yes,
CC-1,"Each record in this table represents a lecture session, meaning a live meeting for the course",Courses1,Linked (many),Courses1,,Links to all the Comprehensive Course cohorts for which this particular lecture session is part of the curriculum,,CC-1,,no,yes,
CC-1,"Each record in this table represents a lecture session, meaning a live meeting for the course",Zoom link,URL,,,Includes the Zoom link belonging to the tutor responsible for teaching that meeting. This actually populates via an airtable automation from the field in the TUTORS table.,,CC-1,,no,yes,
CC-1,"Each record in this table represents a lecture session, meaning a live meeting for the course",Google calendar event ID,single line text,,,Includes the google calendar event ID from the google calendar event created with the same automation that populates the tutor's zoom link,,CC-1,,no,yes,
CC-1,"Each record in this table represents a lecture session, meaning a live meeting for the course",Start Date / Time,Date with time field,,,Includes the date and time the lecture session is set to start,,CC-1,,no,yes,
CC-1,"Each record in this table represents a lecture session, meaning a live meeting for the course",End Date / Time,Date with time field,,,Includes the date and time the lecture session is set to end,,CC-1,,no,yes,
CC-1,"Each record in this table represents a lecture session, meaning a live meeting for the course",Meeting Unique ID #,Autonumber field,,,Includes a unique number corresponding to each lecture. This is how the tutors upload the lecture videos to the Google drive folder and how they're tracked and paired with the correct record after the fact.,,CC-1,,no,yes,
CC-1,"Each record in this table represents a lecture session, meaning a live meeting for the course",bootcamp_course,Linked (many),bootcamp_course,,Links to all the Bootcamp cohorts for which this particular lecture session is part of the curriculum,,CC-1,,no,yes,
,,,,,,,,,,,,
,,,,,,,,,,,,
,,,,,,,,,,,,
,,,,,,,,,,,,
Lectures Database,Includes the details for every type of lecture. These are what provide details to the lecture sessions in the CC-1 table,Lecture Serial ID,Number,,,6-digit number that is unique for each lecture. There is a little bit of organization to these numbers but it's not extremely important.,,Lectures Database,,no,yes,
Lectures Database,Includes the details for every type of lecture. These are what provide details to the lecture sessions in the CC-1 table,Lecture #,Single line text,,,Short abbreviation used to conveniently refer to each lecture,,Lectures Database,,no,yes,
Lectures Database,Includes the details for every type of lecture. These are what provide details to the lecture sessions in the CC-1 table,Lecture Name,Single line text,,,"Longer, more descriptive name for each lecture",,Lectures Database,,no,yes,
Lectures Database,Includes the details for every type of lecture. These are what provide details to the lecture sessions in the CC-1 table,CC_necessary,Single Select,,"cc core, cc optional, not cc, cc sb, fle",Options that distinguish between the various different typres of Comprehensive Course lectures,,Lectures Database,,no,yes,
Lectures Database,Includes the details for every type of lecture. These are what provide details to the lecture sessions in the CC-1 table,BC_necessary,Single line text,,,Short description of the lecture type if it is a Bootcamp lecture,,Lectures Database,,no,yes,
Lectures Database,Includes the details for every type of lecture. These are what provide details to the lecture sessions in the CC-1 table,Session Style: Content vs Questions,Single Select,,"Content Integration, Questions & Strategy, Scheduled Practice Session",indicates whether the session is more focused on science concepts or practice questions,,Lectures Database,,no,yes,
Lectures Database,Includes the details for every type of lecture. These are what provide details to the lecture sessions in the CC-1 table,Primary Subject(s),Multiple Select,,"FLE, AAMC, Physics, GenChem, Ochem, Biochemistry, Biology, PS, CARS, General Review",Indicates the primary topic of the meeting,,Lectures Database,,no,yes,
Lectures Database,Includes the details for every type of lecture. These are what provide details to the lecture sessions in the CC-1 table,Video URL (archetype version),URL,,,This contains a link to a solid meeting video for each lecture type. Each meeting will have one of these to hold the place of the actual meeting video until the actual meeting video is uploaded.,,Lectures Database,,no,yes,
Lectures Database,Includes the details for every type of lecture. These are what provide details to the lecture sessions in the CC-1 table,CC-1,Linked (many),CC-1,,Links to each lecture sessions representing this the Lecture,,Lectures Database,,no,yes,
Lectures Database,Includes the details for every type of lecture. These are what provide details to the lecture sessions in the CC-1 table,UWorld Question IDs,Linked (many),UWorld Question IDs,,Links to the UWorld Question IDs table which is where we went through and categorized each UWorld question. This is for the first iteration of the project when Sam did it.,,Lectures Database,,no,yes,
Lectures Database,Includes the details for every type of lecture. These are what provide details to the lecture sessions in the CC-1 table,UWorld Test IDs,Linked (many),UWorld Test IDs,,Links to the UWorld Test IDs table which is where we went through and categorized each UWorld question. This is for the first iteration of the project when Sam did it.,,Lectures Database,,no,yes,
Lectures Database,Includes the details for every type of lecture. These are what provide details to the lecture sessions in the CC-1 table,Portal Description & Information,Long text,,,This field is a long text field that includes a description of each meeting along with all the pre- and post-class assignments for each lecture type. This is the field that is copied forward to the CC-1 Assignments & Review field when the lecture is linked,,Lectures Database,,no,yes,
Lectures Database,Includes the details for every type of lecture. These are what provide details to the lecture sessions in the CC-1 table,Lecture Attendance,Linked (many),Lecture Attendance,,Links to the Lecture Attendance junction table in which each record corresponds to one student having attended one lecture and one session,,Lectures Database,,no,yes,
Lectures Database,Includes the details for every type of lecture. These are what provide details to the lecture sessions in the CC-1 table,Required_Lecture,Linked (many),Lecture_Prerequisites,,Links to the Lecture_Prerequisites table where each record is pairing one Required lecture with one Dependent lecture so that the whole table indicates a system to determining which lectures need which to happen first,In this particular field the record linked is the one required in order for the other to happen,Lectures Database,,no,yes,
Lectures Database,Includes the details for every type of lecture. These are what provide details to the lecture sessions in the CC-1 table,Dependent_Lecture,Linked (many),Lecture_Prerequisites,,Links to the Lecture_Prerequisites table where each record is pairing one Required lecture with one Dependent lecture so that the whole table indicates a system to determining which lectures need which to happen first,In this particular field the record linked is the one dependent upon the other one happening first before it can happen,Lectures Database,,no,yes,
,,,,,,,,,,,,
,,,,,,,,,,,,
,,,,,,,,,,,,
,,,,,,,,,,,,
,,,,,,,,,,,,
,,,,,,,,,,,,
Lecture Attendance,Each record is an event when a student self-reported that they attended a given lecture. This is useful for the students in the comprehensive course who may be swapping classes or constructing their own cohorts to know which meetings they have and have no attended. Eventually we will create automatic attendance tracking for each session so this will not be necessary,Event #,Autonumber,,,Unique identifier for the report event,,Lecture Attendance,,no,yes,
Lecture Attendance,Each record is an event when a student self-reported that they attended a given lecture. This is useful for the students in the comprehensive course who may be swapping classes or constructing their own cohorts to know which meetings they have and have no attended. Eventually we will create automatic attendance tracking for each session so this will not be necessary,Student,Linked (one),Student Roster,,Linked to the student who reported the event,,Lecture Attendance,,no,yes,
Lecture Attendance,Each record is an event when a student self-reported that they attended a given lecture. This is useful for the students in the comprehensive course who may be swapping classes or constructing their own cohorts to know which meetings they have and have no attended. Eventually we will create automatic attendance tracking for each session so this will not be necessary,CC-1 Session,Linked (one),CC-1,,Linked to the lecture session where the student reported attending,,Lecture Attendance,,no,yes,
Lecture Attendance,Each record is an event when a student self-reported that they attended a given lecture. This is useful for the students in the comprehensive course who may be swapping classes or constructing their own cohorts to know which meetings they have and have no attended. Eventually we will create automatic attendance tracking for each session so this will not be necessary,Lecture link,Linked (one),Lectures Database,,Linked to the lecture (general) that the student reported attending,,Lecture Attendance,,no,yes,
Lecture Attendance,Each record is an event when a student self-reported that they attended a given lecture. This is useful for the students in the comprehensive course who may be swapping classes or constructing their own cohorts to know which meetings they have and have no attended. Eventually we will create automatic attendance tracking for each session so this will not be necessary,Date Marked,Created time field,,,Indicates when the report event occured,,Lecture Attendance,,no,yes,
Lecture Attendance,Each record is an event when a student self-reported that they attended a given lecture. This is useful for the students in the comprehensive course who may be swapping classes or constructing their own cohorts to know which meetings they have and have no attended. Eventually we will create automatic attendance tracking for each session so this will not be necessary,Notes,Long text,,,Notes the student can include with the report event,,Lecture Attendance,,no,yes,
Lecture Attendance,Each record is an event when a student self-reported that they attended a given lecture. This is useful for the students in the comprehensive course who may be swapping classes or constructing their own cohorts to know which meetings they have and have no attended. Eventually we will create automatic attendance tracking for each session so this will not be necessary,Rating,Rating field,,,Student rates the lecture from 1-5 stars. No records have any ratings to this point,,Lecture Attendance,,no,yes,
,,,,,,,,,,,,
,,,,,,,,,,,,
Lecture_Prerequisites,Each record is a pairing of one dependent lecture which can't happen without the required lecture. There are hard and soft dependencies and severity scores which are penalties for violating the dependencies in a given CC cohort. This exists as a reference point for the CC schedule optimizers,Required_Lecture,Linked (one),Lectures Database,,This is the lecture that is the prerequisite for the dependent lecture,,Lecture_Prerequisites,,no,yes,
Lecture_Prerequisites,Each record is a pairing of one dependent lecture which can't happen without the required lecture. There are hard and soft dependencies and severity scores which are penalties for violating the dependencies in a given CC cohort. This exists as a reference point for the CC schedule optimizers,Dependent_Lecture,Linked (one),Lectures Database,,This lecture must happen after the required lecture,,Lecture_Prerequisites,,no,yes,
Lecture_Prerequisites,Each record is a pairing of one dependent lecture which can't happen without the required lecture. There are hard and soft dependencies and severity scores which are penalties for violating the dependencies in a given CC cohort. This exists as a reference point for the CC schedule optimizers,Dependency_Type,Single Select,,"Hard, Soft",Hard dependencies make solutions that violate them infeasible. Soft dependencies come with a penalty but don't cause infeasibilities,,Lecture_Prerequisites,,no,yes,
Lecture_Prerequisites,Each record is a pairing of one dependent lecture which can't happen without the required lecture. There are hard and soft dependencies and severity scores which are penalties for violating the dependencies in a given CC cohort. This exists as a reference point for the CC schedule optimizers,Severity_Score,Number,,,Number penalty for violating the dependency,,Lecture_Prerequisites,,no,yes,
Lecture_Prerequisites,Each record is a pairing of one dependent lecture which can't happen without the required lecture. There are hard and soft dependencies and severity scores which are penalties for violating the dependencies in a given CC cohort. This exists as a reference point for the CC schedule optimizers,Active,checkbox field,,,"When checked, this relationship is actively acknowledged by the optimizer",,Lecture_Prerequisites,,no,yes,
,,,,,,,,,,,,
,,,,,,,,,,,,
Start Dates,Each record represents a start date or a potential start date for a course cohort in either the Bootcamp or the Comprehensive Course,Start Date,Date field,,,Includes the start date for which the record exists,,Start Dates,,no,yes,
Start Dates,Each record represents a start date or a potential start date for a course cohort in either the Bootcamp or the Comprehensive Course,Courses1,Linked (many),Courses1,,Linked to the Courses1 (Comprehensive Course) cohorts that start on this date,,Start Dates,,no,yes,
Start Dates,Each record represents a start date or a potential start date for a course cohort in either the Bootcamp or the Comprehensive Course,bootcamp_course,Linked (many),bootcamp_course,,Linked to the bootcamp_course (bootcamp) cohorts that start on this date,,Start Dates,,no,yes,
,,,,,,,,,,,,
,,,,,,,,,,,,
days_of_week,Each record in this table represents a day of the week,Name,Single line text,,,"Each record is a different day of the week in this field (e.g., Monday, Tuesday, Wednesday, etc)",,days_of_week,,no,yes,
days_of_week,Each record in this table represents a day of the week,CC-1,Linked (many),CC-1,,Linked to the CC-1 lecture sessions that happen on that particular day of the week,,days_of_week,,no,yes,
days_of_week,Each record in this table represents a day of the week,bootcamp_course,Linked (many),bootcamp_course,,Linked to the Bootcamp cohorts that have lectures happening on that particular day of the week,,days_of_week,,no,yes,
days_of_week,Each record in this table represents a day of the week,Courses1,Linked (many),Courses1,,Linked to the Courses1 cohorts that have primary core lectures happening on that particular day of the week,,days_of_week,,no,yes,
,,,,,,,,,,,,
,,,,,,,,,,,,
,,,,,,,,,,,,
,,,,,,,,,,,,
,,,,,,,,,,,,
UWorld Question IDs,Each record corresponds to one UWorld question ID. These records were created by Sam in October 2024. The data was provided by UWorld though,QID,Number,,,This is the question ID number UWorld assigns,,UWorld Question IDs,,,,
UWorld Question IDs,Each record corresponds to one UWorld question ID. These records were created by Sam in October 2024. The data was provided by UWorld though,Specific topic,Single line text,,,Short clip regarding the specific topic addressed by the question,,UWorld Question IDs,,,,
UWorld Question IDs,Each record corresponds to one UWorld question ID. These records were created by Sam in October 2024. The data was provided by UWorld though,Skill,Single Select,,"1. Knowledge of Scientific Principles, 2. Scientific Reasoning and Problem-solving, 3. Reasoning about the Design and Execution of Research, 4. Data-based Statistical Reasoning",Includes the AAAMC core skillsets. These were categorized by UWorld,,UWorld Question IDs,,no,yes,
UWorld Question IDs,Each record corresponds to one UWorld question ID. These records were created by Sam in October 2024. The data was provided by UWorld though,Passage name (text),Single line text,,,UWorld gives a title to each passage. Those that are not passage-based questions have 'Discrete' in this field,,UWorld Question IDs,,no,yes,
UWorld Question IDs,Each record corresponds to one UWorld question ID. These records were created by Sam in October 2024. The data was provided by UWorld though,Foundation (text,Single line text,,,AAMC foundation tested by that question,,UWorld Question IDs,,,,
UWorld Question IDs,Each record corresponds to one UWorld question ID. These records were created by Sam in October 2024. The data was provided by UWorld though,Subject (text),Single line text,,,Subject tested by that question,,UWorld Question IDs,,,,
UWorld Question IDs,Each record corresponds to one UWorld question ID. These records were created by Sam in October 2024. The data was provided by UWorld though,Leftover Test Ids,Checkbox,,,Checkmark in this field indicates that the question was included in the 'Leftover Test IDs' which is a set 1SM created in case students get ahead of the game and want more questions,,UWorld Question IDs,,no,yes,
UWorld Question IDs,Each record corresponds to one UWorld question ID. These records were created by Sam in October 2024. The data was provided by UWorld though,Test # in Lecture,Number,,,number that indicates which position it was in the order of UWorld test IDs that were provided for the given lecture it was originally part of. This is probably largely outdated at this point,,UWorld Question IDs,,no,yes,
UWorld Question IDs,Each record corresponds to one UWorld question ID. These records were created by Sam in October 2024. The data was provided by UWorld though,Lectures Database Link to Primary New SB Test IDs,Linked (many),Lectures Database,,Links UWorld question IDs to the lectures where they were included when UWorld test IDs were reorganized around new lectures,,UWorld Question IDs,,no,yes,
UWorld Question IDs,Each record corresponds to one UWorld question ID. These records were created by Sam in October 2024. The data was provided by UWorld though,UWorld Test IDs,Linked (many),UWorld Test IDs,,Says linked many but that's not the case in practice. The settings are just off. This links to the UWorld test IDs field so that all questions show up with their respective test IDs for extremely granular score reporting later down the road.,,UWorld Question IDs,,no,yes,
,,,,,,,,,,,,
,,,,,,,,,,,,
,,,,,,,,,,,,
UWorld Test IDs,Each record in this table corresponds to a given UWorld test ID from the set Sam created in October 2024,UWorld Test ID,Number,,,This is the UWorld test ID one would enter into UWorld to get the test,,UWorld Test IDs,,no,yes,
UWorld Test IDs,Each record in this table corresponds to a given UWorld test ID from the set Sam created in October 2025,Lectures Database,Linked (many),Lectures Database,,Linked to the lecture where that UWorld test ID is assigned,,,,no,yes,
UWorld Test IDs,Each record in this table corresponds to a given UWorld test ID from the set Sam created in October 2026,UWorld Question IDs,Linked (many),UWorld Question IDs,,Each UWorld Question ID corresponding to the test ID in question is linked here,,,,no,yes,
UWorld Test IDs,Each record in this table corresponds to a given UWorld test ID from the set Sam created in October 2027,Total Number of Questions,Number,,,Number of Question IDs included in the test ID,,,,no,yes,
UWorld Test IDs,Each record in this table corresponds to a given UWorld test ID from the set Sam created in October 2028,UWorld Score Reports,Linked (many),UWorld Score Reports,,Linked to records from the UWorld Score Reports table that included this test ID,,,,no,yes,
,,,,,,,,,,,,
,,,,,,,,,,,,
,,,,,,,,,,,,
UWorld Score Reports,Each record indicates a UWorld set that a student took and then reported to the 1SM student portal,Report #,Autonumber,,,Indicates a unique report number,,UWorld Score Reports,,no,yes,
UWorld Score Reports,Each record indicates a UWorld set that a student took and then reported to the 1SM student portal,UWorld Test ID,Linked (one),UWorld Test IDs,,Indicates which UWorld Test ID was used to take this test,,UWorld Score Reports,,no,yes,
UWorld Score Reports,Each record indicates a UWorld set that a student took and then reported to the 1SM student portal,Percent Correct,Percent field,,,the percentage of questions in the set that the student got correct,,UWorld Score Reports,,no,yes,
UWorld Score Reports,Each record indicates a UWorld set that a student took and then reported to the 1SM student portal,Student Notes,Long text,,,Notes recorded by the student upon reporting the score,,UWorld Score Reports,,no,yes,
UWorld Score Reports,Each record indicates a UWorld set that a student took and then reported to the 1SM student portal,Date Taken,Date field,,,Date the student reported the score,,UWorld Score Reports,,no,yes,
UWorld Score Reports,Each record indicates a UWorld set that a student took and then reported to the 1SM student portal,Timer,Single Select,,"1.0x (Standard time), 1.25x (Extra), 1.5x (Extended), 2.0x (Double), âˆž (Untimed)",Indicates the settings the student chose for the timer on this set.,,UWorld Score Reports,,no,yes,
UWorld Score Reports,Each record indicates a UWorld set that a student took and then reported to the 1SM student portal,Student Serial ID,Number,,,Corresponds to the student iDN which could allow us to link to the Student Roster table but that was never done for this table. We will do that in Supabase though,,UWorld Score Reports,,no,yes,
UWorld Score Reports,Each record indicates a UWorld set that a student took and then reported to the 1SM student portal,1SM Test ID,Single Select,,"Yes, No",Indicates whether the test ID reported was actually a 1SM test ID or not,,UWorld Score Reports,,no,yes,
UWorld Score Reports,Each record indicates a UWorld set that a student took and then reported to the 1SM student portal,Not 1SM - Test ID,Number,,,Field to include test IDs that were not from the 1SM set. Just for the sake of tracking.,,UWorld Score Reports,,no,yes,
UWorld Score Reports,Each record indicates a UWorld set that a student took and then reported to the 1SM student portal,Not 1SM - Total # Questions,Number,,,Total number of questions for the IDs that weren't 1SM. Report wasn't needed for total number from 1SM IDs because we already had record of the total number of questions included in each one,,UWorld Score Reports,,no,yes,
UWorld Score Reports,Each record indicates a UWorld set that a student took and then reported to the 1SM student portal,Not 1SM - Subject,Single Select,,"Physics, General Chemistry, Organic Chemistry, Biochemistry, Biology, Behavioral Sciences",Indicates subject of the test ID. Not needed for 1SM IDs because these are already selected,,UWorld Score Reports,,no,yes,
,,,,,,,,,,,,
,,,,,,,,,,,,
,,,,,,,,,,,,
,,,,,,,,,,,,
,,,,,,,,,,,,
FLE Scores,Each record in this table corresponds to a full length exam that was taken and reported by a 1SM student,FLE Report Number,Autonumber,,,Unique ID for each event,,FLE Scores,,no,yes,
FLE Scores,Each record in this table corresponds to a full length exam that was taken and reported by a 1SM student,Student Roster,Linked (one),Student Roster,,Links to the student who took the exam and reported their score,,FLE Scores,,no,yes,
FLE Scores,Each record in this table corresponds to a full length exam that was taken and reported by a 1SM student,AAMC vs 3rd Party,Single select,,"AAMC, 3rd Party FLE",Determines if the student took a 3rd party FLE vs an AAMC FLE,,FLE Scores,,no,yes,
FLE Scores,Each record in this table corresponds to a full length exam that was taken and reported by a 1SM student,AAMC Exam,Single select,,"AAMC #0 (unscored sample), AAMC #1, AAMC #2, AAMC #3, AAMC #4, AAMC #5, AAMC #6, Official MCAT",For those who selected AAMC Exam (instead of 3rd party) this field determines which AAMC exam the student took,,FLE Scores,,no,yes,
FLE Scores,Each record in this table corresponds to a full length exam that was taken and reported by a 1SM student,3rd Party Exam,Single line text,,,Indicates which 3rd party exam the student took if they indicated it was 3rd party,,FLE Scores,,no,yes,
FLE Scores,Each record in this table corresponds to a full length exam that was taken and reported by a 1SM student,CP Score,Single Select,,"118, 119, 120, 121, 122, 123, 124, 125, 126, 127, 128, 129, 130, 131, 132",Select the score for the CP Section,,FLE Scores,,no,yes,
FLE Scores,Each record in this table corresponds to a full length exam that was taken and reported by a 1SM student,CARS Score,Single Select,,"118, 119, 120, 121, 122, 123, 124, 125, 126, 127, 128, 129, 130, 131, 132",Select the score for the CARS Section,,FLE Scores,,no,yes,
FLE Scores,Each record in this table corresponds to a full length exam that was taken and reported by a 1SM student,BB Score,Single Select,,"118, 119, 120, 121, 122, 123, 124, 125, 126, 127, 128, 129, 130, 131, 132",Select the score for the BB Section,,FLE Scores,,no,yes,
FLE Scores,Each record in this table corresponds to a full length exam that was taken and reported by a 1SM student,PS Score,Single Select,,"118, 119, 120, 121, 122, 123, 124, 125, 126, 127, 128, 129, 130, 131, 132",Select the score for the PS Section,,FLE Scores,,no,yes,
FLE Scores,Each record in this table corresponds to a full length exam that was taken and reported by a 1SM student,Composite Select,Single Select,,"472, 473, 474, 475, 476, 477, 478, 479, 480, 481, 482, 483, 484, 485, 486, 487, 488, 489, 490, 491, 492, 493, 494, 495, 496, 497, 498, 499, 500, 501, 502, 503, 504, 505, 506, 507, 508, 509, 510, 511, 512, 513, 514, 515, 516, 517, 518, 519, 520, 521, 522, 523, 524, 525, 526, 527, 528",Student selects the composite score from their entire exam,,FLE Scores,,no,yes,
FLE Scores,Each record in this table corresponds to a full length exam that was taken and reported by a 1SM student,Date,Date field,,,Date the student took the exam,,FLE Scores,,no,yes,
FLE Scores,Each record in this table corresponds to a full length exam that was taken and reported by a 1SM student,Student Notes,Long text,,,Notes the student took when reporting the exam,,FLE Scores,,no,yes,
FLE Scores,Each record in this table corresponds to a full length exam that was taken and reported by a 1SM student,Attempt # (question),Single Select,,"No, this was my first time., Yes, I had taken it once before so this was my second attempt., Yes, this was my third time taking this exam., Yes, this was my fourth time taking this exam., Yes, I've taken this exam five or more times.",Answer to a question asking whether this was the student's first attempt with this exam,,FLE Scores,,no,yes,
,,,,,,,,,,,,
,,,,,,,,,,,,
,,,,,,,,,,,,
,,,,,,,,,,,,
Test Dates,Each record corresponds to one official MCAT test date,Test Date,Date field,,,Includes the test date for which the field exists,,Test Dates,,no,yes,
Test Dates,Each record corresponds to one official MCAT test date,60 Day Deadline,Date field,,,Date by which students must cancel or reschedule their exam to get a certain percentage of their registration fee back that corresponds to 60 days out from the test,,Test Dates,,no,yes,
Test Dates,Each record corresponds to one official MCAT test date,30 Day Deadline,Date field,,,Date by which students must cancel or reschedule their exam to get a certain percentage of their registration fee back that corresponds to 30 days out from the test,,Test Dates,,no,yes,
Test Dates,Each record corresponds to one official MCAT test date,10 Day Deadline,Date field,,,"Date by which students must cancel or reschedule their exam to get a certain percentage of their registration fee back that corresponds to 10 days out from the test. Also, students cannot reschedule their exams wihtin 10 days of the test date.",,Test Dates,,no,yes,
Test Dates,Each record corresponds to one official MCAT test date,Score Release Date,Date field,,,Date when the scores from that particular test date will be released,,Test Dates,,no,yes,
Test Dates,Each record corresponds to one official MCAT test date,bootcamp_course,Linked (many),bootcamp_course,,Linked to records for the Bootcamps which will be targeting this test date,,Test Dates,,no,yes,
Test Dates,Each record corresponds to one official MCAT test date,Course Cohort,Linked (many),Courses1,,Linked to records from the Courses1 table (Comprehensive Courses) that will be targeting this test date,,Test Dates,,no,yes,